event_id,period_no,occ_year,occ_month,occ_day
1,1,1,1,1
2,1,1,1,1
3,1,1,1,1
4,1,1,1,1
5,1,1,1,1
6,2,2,1,1
7,3,3,1,1
8,3,3,1,1
9,4,4,1,1
10,5,5,1,1
11,5,5,1,1
12,5,5,1,1
13,5,5,1,1
14,6,6,1,1
15,6,6,1,1
16,6,6,1,1
17,6,6,1,1
18,6,6,1,1
19,7,7,1,1
20,7,7,1,1
21,8,8,1,1
22,8,8,1,1
23,9,9,1,1
24,9,9,1,1
25,9,9,1,1
26,10,10,1,1
27,11,11,1,1
28,11,11,1,1
29,11,11,1,1
30,12,12,1,1
31,12,12,1,1
32,13,13,1,1
33,13,13,1,1
34,13,13,1,1
35,14,14,1,1
36,14,14,1,1
37,15,15,1,1
38,16,16,1,1
39,16,16,1,1
40,17,17,1,1
41,17,17,1,1
42,17,17,1,1
43,18,18,1,1
44,18,18,1,1
45,19,19,1,1
46,19,19,1,1
47,19,19,1,1
48,20,20,1,1
49,20,20,1,1
50,21,21,1,1
51,21,21,1,1
52,21,21,1,1
53,21,21,1,1
54,21,21,1,1
55,22,22,1,1
56,22,22,1,1
57,22,22,1,1
58,22,22,1,1
59,23,23,1,1
60,23,23,1,1
61,24,24,1,1
62,24,24,1,1
63,24,24,1,1
64,24,24,1,1
65,24,24,1,1
66,24,24,1,1
67,24,24,1,1
68,25,25,1,1
69,25,25,1,1
70,25,25,1,1
71,25,25,1,1
72,25,25,1,1
73,25,25,1,1
74,26,26,1,1
75,26,26,1,1
76,26,26,1,1
77,26,26,1,1
78,26,26,1,1
79,27,27,1,1
80,27,27,1,1
81,28,28,1,1
82,28,28,1,1
83,28,28,1,1
84,28,28,1,1
85,28,28,1,1
86,29,29,1,1
87,29,29,1,1
88,30,30,1,1
89,30,30,1,1
90,30,30,1,1
91,30,30,1,1
92,31,31,1,1
93,31,31,1,1
94,31,31,1,1
95,32,32,1,1
96,32,32,1,1
97,32,32,1,1
98,32,32,1,1
99,33,33,1,1
100,33,33,1,1
101,33,33,1,1
102,33,33,1,1
103,34,34,1,1
104,34,34,1,1
105,34,34,1,1
106,34,34,1,1
107,34,34,1,1
108,35,35,1,1
109,36,36,1,1
110,37,37,1,1
111,38,38,1,1
112,38,38,1,1
113,38,38,1,1
114,39,39,1,1
115,39,39,1,1
116,40,40,1,1
117,40,40,1,1
118,40,40,1,1
119,41,41,1,1
120,41,41,1,1
121,42,42,1,1
122,42,42,1,1
123,42,42,1,1
124,42,42,1,1
125,42,42,1,1
126,42,42,1,1
127,42,42,1,1
128,42,42,1,1
129,43,43,1,1
130,43,43,1,1
131,44,44,1,1
132,45,45,1,1
133,45,45,1,1
134,46,46,1,1
135,46,46,1,1
136,46,46,1,1
137,46,46,1,1
138,47,47,1,1
139,47,47,1,1
140,48,48,1,1
141,48,48,1,1
142,48,48,1,1
143,48,48,1,1
144,49,49,1,1
145,49,49,1,1
146,49,49,1,1
147,50,50,1,1
148,50,50,1,1
149,51,51,1,1
150,52,52,1,1
151,53,53,1,1
152,53,53,1,1
153,53,53,1,1
154,53,53,1,1
155,54,54,1,1
156,54,54,1,1
157,54,54,1,1
158,54,54,1,1
159,55,55,1,1
160,55,55,1,1
161,55,55,1,1
162,55,55,1,1
163,56,56,1,1
164,56,56,1,1
165,56,56,1,1
166,57,57,1,1
167,57,57,1,1
168,57,57,1,1
169,57,57,1,1
170,57,57,1,1
171,58,58,1,1
172,58,58,1,1
173,58,58,1,1
174,58,58,1,1
175,58,58,1,1
176,59,59,1,1
177,59,59,1,1
178,60,60,1,1
179,61,61,1,1
180,61,61,1,1
181,61,61,1,1
182,61,61,1,1
183,61,61,1,1
184,61,61,1,1
185,61,61,1,1
186,61,61,1,1
187,62,62,1,1
188,63,63,1,1
189,63,63,1,1
190,63,63,1,1
191,64,64,1,1
192,64,64,1,1
193,64,64,1,1
194,65,65,1,1
195,66,66,1,1
196,66,66,1,1
197,67,67,1,1
198,68,68,1,1
199,69,69,1,1
200,69,69,1,1
201,69,69,1,1
202,69,69,1,1
203,70,70,1,1
204,70,70,1,1
205,71,71,1,1
206,71,71,1,1
207,72,72,1,1
208,72,72,1,1
209,72,72,1,1
210,72,72,1,1
211,72,72,1,1
212,72,72,1,1
213,73,73,1,1
214,73,73,1,1
215,73,73,1,1
216,73,73,1,1
217,73,73,1,1
218,74,74,1,1
219,74,74,1,1
220,74,74,1,1
221,74,74,1,1
222,75,75,1,1
223,75,75,1,1
224,75,75,1,1
225,75,75,1,1
226,76,76,1,1
227,76,76,1,1
228,77,77,1,1
229,78,78,1,1
230,78,78,1,1
231,78,78,1,1
232,78,78,1,1
233,79,79,1,1
234,79,79,1,1
235,79,79,1,1
236,79,79,1,1
237,79,79,1,1
238,80,80,1,1
239,80,80,1,1
240,80,80,1,1
241,80,80,1,1
242,81,81,1,1
243,81,81,1,1
244,83,83,1,1
245,83,83,1,1
246,83,83,1,1
247,83,83,1,1
248,83,83,1,1
249,83,83,1,1
250,83,83,1,1
251,84,84,1,1
252,84,84,1,1
253,84,84,1,1
254,84,84,1,1
255,85,85,1,1
256,85,85,1,1
257,86,86,1,1
258,87,87,1,1
259,87,87,1,1
260,87,87,1,1
261,87,87,1,1
262,88,88,1,1
263,88,88,1,1
264,88,88,1,1
265,88,88,1,1
266,89,89,1,1
267,89,89,1,1
268,89,89,1,1
269,90,90,1,1
270,90,90,1,1
271,91,91,1,1
272,91,91,1,1
273,91,91,1,1
274,92,92,1,1
275,92,92,1,1
276,92,92,1,1
277,92,92,1,1
278,92,92,1,1
279,92,92,1,1
280,92,92,1,1
281,93,93,1,1
282,93,93,1,1
283,93,93,1,1
284,93,93,1,1
285,93,93,1,1
286,94,94,1,1
287,94,94,1,1
288,95,95,1,1
289,96,96,1,1
290,97,97,1,1
291,97,97,1,1
292,97,97,1,1
293,98,98,1,1
294,99,99,1,1
295,99,99,1,1
296,99,99,1,1
297,100,100,1,1
298,101,101,1,1
299,101,101,1,1
300,101,101,1,1
301,102,102,1,1
302,104,104,1,1
303,104,104,1,1
304,105,105,1,1
305,105,105,1,1
306,105,105,1,1
307,105,105,1,1
308,105,105,1,1
309,105,105,1,1
310,105,105,1,1
311,106,106,1,1
312,106,106,1,1
313,106,106,1,1
314,106,106,1,1
315,106,106,1,1
316,107,107,1,1
317,108,108,1,1
318,108,108,1,1
319,108,108,1,1
320,108,108,1,1
321,109,109,1,1
322,109,109,1,1
323,109,109,1,1
324,110,110,1,1
325,110,110,1,1
326,110,110,1,1
327,111,111,1,1
328,111,111,1,1
329,112,112,1,1
330,112,112,1,1
331,112,112,1,1
332,113,113,1,1
333,113,113,1,1
334,113,113,1,1
335,113,113,1,1
336,113,113,1,1
337,113,113,1,1
338,114,114,1,1
339,115,115,1,1
340,115,115,1,1
341,117,117,1,1
342,117,117,1,1
343,117,117,1,1
344,117,117,1,1
345,117,117,1,1
346,118,118,1,1
347,118,118,1,1
348,118,118,1,1
349,118,118,1,1
350,119,119,1,1
351,120,120,1,1
352,120,120,1,1
353,120,120,1,1
354,120,120,1,1
355,121,121,1,1
356,121,121,1,1
357,121,121,1,1
358,122,122,1,1
359,122,122,1,1
360,123,123,1,1
361,123,123,1,1
362,124,124,1,1
363,124,124,1,1
364,124,124,1,1
365,124,124,1,1
366,125,125,1,1
367,125,125,1,1
368,126,126,1,1
369,127,127,1,1
370,127,127,1,1
371,127,127,1,1
372,127,127,1,1
373,128,128,1,1
374,128,128,1,1
375,128,128,1,1
376,129,129,1,1
377,129,129,1,1
378,129,129,1,1
379,130,130,1,1
380,130,130,1,1
381,131,131,1,1
382,131,131,1,1
383,131,131,1,1
384,131,131,1,1
385,132,132,1,1
386,133,133,1,1
387,133,133,1,1
388,133,133,1,1
389,134,134,1,1
390,134,134,1,1
391,134,134,1,1
392,134,134,1,1
393,134,134,1,1
394,134,134,1,1
395,136,136,1,1
396,136,136,1,1
397,136,136,1,1
398,137,137,1,1
399,137,137,1,1
400,137,137,1,1
401,137,137,1,1
402,138,138,1,1
403,138,138,1,1
404,138,138,1,1
405,138,138,1,1
406,139,139,1,1
407,139,139,1,1
408,140,140,1,1
409,140,140,1,1
410,141,141,1,1
411,141,141,1,1
412,141,141,1,1
413,142,142,1,1
414,143,143,1,1
415,143,143,1,1
416,143,143,1,1
417,143,143,1,1
418,144,144,1,1
419,144,144,1,1
420,144,144,1,1
421,144,144,1,1
422,144,144,1,1
423,145,145,1,1
424,145,145,1,1
425,145,145,1,1
426,146,146,1,1
427,146,146,1,1
428,146,146,1,1
429,147,147,1,1
430,147,147,1,1
431,148,148,1,1
432,148,148,1,1
433,148,148,1,1
434,148,148,1,1
435,148,148,1,1
436,148,148,1,1
437,149,149,1,1
438,149,149,1,1
439,149,149,1,1
440,150,150,1,1
441,150,150,1,1
442,151,151,1,1
443,152,152,1,1
444,152,152,1,1
445,152,152,1,1
446,152,152,1,1
447,153,153,1,1
448,153,153,1,1
449,153,153,1,1
450,153,153,1,1
451,153,153,1,1
452,154,154,1,1
453,155,155,1,1
454,155,155,1,1
455,156,156,1,1
456,156,156,1,1
457,156,156,1,1
458,156,156,1,1
459,157,157,1,1
460,158,158,1,1
461,158,158,1,1
462,158,158,1,1
463,158,158,1,1
464,158,158,1,1
465,158,158,1,1
466,158,158,1,1
467,158,158,1,1
468,159,159,1,1
469,159,159,1,1
470,159,159,1,1
471,160,160,1,1
472,160,160,1,1
473,160,160,1,1
474,160,160,1,1
475,161,161,1,1
476,161,161,1,1
477,162,162,1,1
478,162,162,1,1
479,163,163,1,1
480,163,163,1,1
481,164,164,1,1
482,164,164,1,1
483,164,164,1,1
484,164,164,1,1
485,165,165,1,1
486,166,166,1,1
487,166,166,1,1
488,166,166,1,1
489,166,166,1,1
490,167,167,1,1
491,167,167,1,1
492,167,167,1,1
493,167,167,1,1
494,167,167,1,1
495,167,167,1,1
496,168,168,1,1
497,168,168,1,1
498,168,168,1,1
499,168,168,1,1
500,168,168,1,1
501,168,168,1,1
502,168,168,1,1
503,169,169,1,1
504,169,169,1,1
505,169,169,1,1
506,170,170,1,1
507,170,170,1,1
508,170,170,1,1
509,171,171,1,1
510,171,171,1,1
511,173,173,1,1
512,173,173,1,1
513,173,173,1,1
514,174,174,1,1
515,174,174,1,1
516,175,175,1,1
517,175,175,1,1
518,176,176,1,1
519,177,177,1,1
520,178,178,1,1
521,178,178,1,1
522,178,178,1,1
523,179,179,1,1
524,179,179,1,1
525,180,180,1,1
526,180,180,1,1
527,181,181,1,1
528,182,182,1,1
529,183,183,1,1
530,183,183,1,1
531,184,184,1,1
532,184,184,1,1
533,185,185,1,1
534,185,185,1,1
535,185,185,1,1
536,185,185,1,1
537,185,185,1,1
538,186,186,1,1
539,187,187,1,1
540,187,187,1,1
541,188,188,1,1
542,188,188,1,1
543,189,189,1,1
544,190,190,1,1
545,190,190,1,1
546,190,190,1,1
547,190,190,1,1
548,191,191,1,1
549,191,191,1,1
550,192,192,1,1
551,193,193,1,1
552,193,193,1,1
553,193,193,1,1
554,193,193,1,1
555,194,194,1,1
556,194,194,1,1
557,194,194,1,1
558,194,194,1,1
559,194,194,1,1
560,194,194,1,1
561,194,194,1,1
562,195,195,1,1
563,196,196,1,1
564,196,196,1,1
565,198,198,1,1
566,198,198,1,1
567,198,198,1,1
568,198,198,1,1
569,199,199,1,1
570,199,199,1,1
571,199,199,1,1
572,200,200,1,1
573,200,200,1,1
574,201,201,1,1
575,201,201,1,1
576,201,201,1,1
577,201,201,1,1
578,201,201,1,1
579,201,201,1,1
580,201,201,1,1
581,201,201,1,1
582,201,201,1,1
583,202,202,1,1
584,202,202,1,1
585,202,202,1,1
586,203,203,1,1
587,204,204,1,1
588,204,204,1,1
589,204,204,1,1
590,204,204,1,1
591,204,204,1,1
592,205,205,1,1
593,205,205,1,1
594,205,205,1,1
595,206,206,1,1
596,207,207,1,1
597,207,207,1,1
598,207,207,1,1
599,207,207,1,1
600,208,208,1,1
601,208,208,1,1
602,209,209,1,1
603,210,210,1,1
604,210,210,1,1
605,211,211,1,1
606,211,211,1,1
607,211,211,1,1
608,212,212,1,1
609,212,212,1,1
610,213,213,1,1
611,213,213,1,1
612,213,213,1,1
613,215,215,1,1
614,215,215,1,1
615,216,216,1,1
616,216,216,1,1
617,217,217,1,1
618,218,218,1,1
619,218,218,1,1
620,218,218,1,1
621,218,218,1,1
622,218,218,1,1
623,219,219,1,1
624,219,219,1,1
625,219,219,1,1
626,220,220,1,1
627,220,220,1,1
628,220,220,1,1
629,220,220,1,1
630,220,220,1,1
631,220,220,1,1
632,221,221,1,1
633,222,222,1,1
634,222,222,1,1
635,222,222,1,1
636,222,222,1,1
637,223,223,1,1
638,223,223,1,1
639,223,223,1,1
640,224,224,1,1
641,224,224,1,1
642,224,224,1,1
643,224,224,1,1
644,225,225,1,1
645,225,225,1,1
646,225,225,1,1
647,226,226,1,1
648,226,226,1,1
649,226,226,1,1
650,226,226,1,1
651,227,227,1,1
652,227,227,1,1
653,227,227,1,1
654,227,227,1,1
655,228,228,1,1
656,228,228,1,1
657,228,228,1,1
658,229,229,1,1
659,229,229,1,1
660,229,229,1,1
661,229,229,1,1
662,229,229,1,1
663,230,230,1,1
664,230,230,1,1
665,231,231,1,1
666,231,231,1,1
667,231,231,1,1
668,232,232,1,1
669,232,232,1,1
670,232,232,1,1
671,232,232,1,1
672,233,233,1,1
673,233,233,1,1
674,233,233,1,1
675,234,234,1,1
676,234,234,1,1
677,234,234,1,1
678,235,235,1,1
679,235,235,1,1
680,235,235,1,1
681,236,236,1,1
682,236,236,1,1
683,237,237,1,1
684,237,237,1,1
685,238,238,1,1
686,238,238,1,1
687,238,238,1,1
688,239,239,1,1
689,239,239,1,1
690,239,239,1,1
691,240,240,1,1
692,240,240,1,1
693,241,241,1,1
694,241,241,1,1
695,241,241,1,1
696,242,242,1,1
697,242,242,1,1
698,243,243,1,1
699,243,243,1,1
700,243,243,1,1
701,243,243,1,1
702,243,243,1,1
703,243,243,1,1
704,244,244,1,1
705,245,245,1,1
706,245,245,1,1
707,245,245,1,1
708,246,246,1,1
709,246,246,1,1
710,247,247,1,1
711,247,247,1,1
712,247,247,1,1
713,247,247,1,1
714,247,247,1,1
715,247,247,1,1
716,248,248,1,1
717,248,248,1,1
718,249,249,1,1
719,249,249,1,1
720,250,250,1,1
721,250,250,1,1
722,250,250,1,1
723,251,251,1,1
724,251,251,1,1
725,251,251,1,1
726,251,251,1,1
727,251,251,1,1
728,251,251,1,1
729,251,251,1,1
730,251,251,1,1
731,252,252,1,1
732,252,252,1,1
733,252,252,1,1
734,253,253,1,1
735,253,253,1,1
736,253,253,1,1
737,253,253,1,1
738,253,253,1,1
739,253,253,1,1
740,254,254,1,1
741,254,254,1,1
742,254,254,1,1
743,254,254,1,1
744,254,254,1,1
745,255,255,1,1
746,255,255,1,1
747,256,256,1,1
748,256,256,1,1
749,257,257,1,1
750,257,257,1,1
751,257,257,1,1
752,258,258,1,1
753,258,258,1,1
754,258,258,1,1
755,258,258,1,1
756,258,258,1,1
757,258,258,1,1
758,258,258,1,1
759,259,259,1,1
760,259,259,1,1
761,259,259,1,1
762,260,260,1,1
763,260,260,1,1
764,260,260,1,1
765,260,260,1,1
766,260,260,1,1
767,261,261,1,1
768,261,261,1,1
769,261,261,1,1
770,262,262,1,1
771,264,264,1,1
772,265,265,1,1
773,265,265,1,1
774,266,266,1,1
775,266,266,1,1
776,266,266,1,1
777,267,267,1,1
778,267,267,1,1
779,268,268,1,1
780,268,268,1,1
781,268,268,1,1
782,269,269,1,1
783,269,269,1,1
784,270,270,1,1
785,271,271,1,1
786,271,271,1,1
787,271,271,1,1
788,271,271,1,1
789,272,272,1,1
790,273,273,1,1
791,273,273,1,1
792,274,274,1,1
793,274,274,1,1
794,274,274,1,1
795,275,275,1,1
796,275,275,1,1
797,275,275,1,1
798,275,275,1,1
799,276,276,1,1
800,276,276,1,1
801,276,276,1,1
802,276,276,1,1
803,277,277,1,1
804,277,277,1,1
805,277,277,1,1
806,277,277,1,1
807,277,277,1,1
808,278,278,1,1
809,278,278,1,1
810,278,278,1,1
811,279,279,1,1
812,280,280,1,1
813,280,280,1,1
814,281,281,1,1
815,282,282,1,1
816,283,283,1,1
817,283,283,1,1
818,283,283,1,1
819,284,284,1,1
820,284,284,1,1
821,284,284,1,1
822,284,284,1,1
823,285,285,1,1
824,285,285,1,1
825,285,285,1,1
826,286,286,1,1
827,286,286,1,1
828,286,286,1,1
829,286,286,1,1
830,287,287,1,1
831,287,287,1,1
832,287,287,1,1
833,287,287,1,1
834,288,288,1,1
835,288,288,1,1
836,288,288,1,1
837,288,288,1,1
838,289,289,1,1
839,289,289,1,1
840,290,290,1,1
841,290,290,1,1
842,290,290,1,1
843,291,291,1,1
844,291,291,1,1
845,291,291,1,1
846,291,291,1,1
847,291,291,1,1
848,291,291,1,1
849,292,292,1,1
850,292,292,1,1
851,292,292,1,1
852,293,293,1,1
853,294,294,1,1
854,294,294,1,1
855,294,294,1,1
856,294,294,1,1
857,295,295,1,1
858,295,295,1,1
859,296,296,1,1
860,296,296,1,1
861,297,297,1,1
862,297,297,1,1
863,297,297,1,1
864,297,297,1,1
865,297,297,1,1
866,298,298,1,1
867,298,298,1,1
868,301,301,1,1
869,301,301,1,1
870,301,301,1,1
871,302,302,1,1
872,302,302,1,1
873,302,302,1,1
874,302,302,1,1
875,303,303,1,1
876,303,303,1,1
877,303,303,1,1
878,303,303,1,1
879,303,303,1,1
880,303,303,1,1
881,305,305,1,1
882,305,305,1,1
883,306,306,1,1
884,306,306,1,1
885,306,306,1,1
886,306,306,1,1
887,306,306,1,1
888,306,306,1,1
889,307,307,1,1
890,307,307,1,1
891,308,308,1,1
892,308,308,1,1
893,308,308,1,1
894,308,308,1,1
895,308,308,1,1
896,309,309,1,1
897,310,310,1,1
898,312,312,1,1
899,312,312,1,1
900,313,313,1,1
901,313,313,1,1
902,313,313,1,1
903,313,313,1,1
904,313,313,1,1
905,314,314,1,1
906,314,314,1,1
907,314,314,1,1
908,314,314,1,1
909,314,314,1,1
910,314,314,1,1
911,315,315,1,1
912,315,315,1,1
913,315,315,1,1
914,315,315,1,1
915,316,316,1,1
916,316,316,1,1
917,317,317,1,1
918,317,317,1,1
919,317,317,1,1
920,318,318,1,1
921,318,318,1,1
922,318,318,1,1
923,318,318,1,1
924,319,319,1,1
925,319,319,1,1
926,319,319,1,1
927,319,319,1,1
928,319,319,1,1
929,320,320,1,1
930,320,320,1,1
931,320,320,1,1
932,320,320,1,1
933,320,320,1,1
934,321,321,1,1
935,321,321,1,1
936,321,321,1,1
937,321,321,1,1
938,321,321,1,1
939,321,321,1,1
940,323,323,1,1
941,323,323,1,1
942,325,325,1,1
943,325,325,1,1
944,327,327,1,1
945,327,327,1,1
946,328,328,1,1
947,328,328,1,1
948,328,328,1,1
949,328,328,1,1
950,328,328,1,1
951,329,329,1,1
952,329,329,1,1
953,329,329,1,1
954,329,329,1,1
955,329,329,1,1
956,330,330,1,1
957,331,331,1,1
958,331,331,1,1
959,331,331,1,1
960,332,332,1,1
961,332,332,1,1
962,332,332,1,1
963,332,332,1,1
964,332,332,1,1
965,332,332,1,1
966,332,332,1,1
967,332,332,1,1
968,333,333,1,1
969,333,333,1,1
970,333,333,1,1
971,333,333,1,1
972,334,334,1,1
973,334,334,1,1
974,334,334,1,1
975,334,334,1,1
976,335,335,1,1
977,336,336,1,1
978,336,336,1,1
979,337,337,1,1
980,337,337,1,1
981,337,337,1,1
982,338,338,1,1
983,338,338,1,1
984,338,338,1,1
985,339,339,1,1
986,339,339,1,1
987,339,339,1,1
988,339,339,1,1
989,339,339,1,1
990,339,339,1,1
991,339,339,1,1
992,340,340,1,1
993,340,340,1,1
994,340,340,1,1
995,340,340,1,1
996,340,340,1,1
997,341,341,1,1
998,341,341,1,1
999,341,341,1,1
1000,342,342,1,1
1001,342,342,1,1
1002,342,342,1,1
1003,343,343,1,1
1004,343,343,1,1
1005,343,343,1,1
1006,343,343,1,1
1007,343,343,1,1
1008,343,343,1,1
1009,344,344,1,1
1010,344,344,1,1
1011,345,345,1,1
1012,346,346,1,1
1013,346,346,1,1
1014,347,347,1,1
1015,347,347,1,1
1016,347,347,1,1
1017,347,347,1,1
1018,347,347,1,1
1019,347,347,1,1
1020,348,348,1,1
1021,349,349,1,1
1022,349,349,1,1
1023,349,349,1,1
1024,350,350,1,1
1025,350,350,1,1
1026,350,350,1,1
1027,350,350,1,1
1028,350,350,1,1
1029,350,350,1,1
1030,350,350,1,1
1031,350,350,1,1
1032,351,351,1,1
1033,352,352,1,1
1034,352,352,1,1
1035,352,352,1,1
1036,352,352,1,1
1037,353,353,1,1
1038,353,353,1,1
1039,353,353,1,1
1040,353,353,1,1
1041,353,353,1,1
1042,354,354,1,1
1043,354,354,1,1
1044,355,355,1,1
1045,355,355,1,1
1046,355,355,1,1
1047,355,355,1,1
1048,356,356,1,1
1049,356,356,1,1
1050,356,356,1,1
1051,356,356,1,1
1052,356,356,1,1
1053,357,357,1,1
1054,357,357,1,1
1055,358,358,1,1
1056,359,359,1,1
1057,359,359,1,1
1058,359,359,1,1
1059,359,359,1,1
1060,360,360,1,1
1061,360,360,1,1
1062,360,360,1,1
1063,362,362,1,1
1064,362,362,1,1
1065,362,362,1,1
1066,362,362,1,1
1067,362,362,1,1
1068,362,362,1,1
1069,362,362,1,1
1070,362,362,1,1
1071,363,363,1,1
1072,363,363,1,1
1073,363,363,1,1
1074,364,364,1,1
1075,364,364,1,1
1076,365,365,1,1
1077,366,366,1,1
1078,366,366,1,1
1079,366,366,1,1
1080,367,367,1,1
1081,367,367,1,1
1082,367,367,1,1
1083,367,367,1,1
1084,367,367,1,1
1085,367,367,1,1
1086,368,368,1,1
1087,369,369,1,1
1088,369,369,1,1
1089,370,370,1,1
1090,370,370,1,1
1091,371,371,1,1
1092,371,371,1,1
1093,371,371,1,1
1094,372,372,1,1
1095,372,372,1,1
1096,372,372,1,1
1097,372,372,1,1
1098,372,372,1,1
1099,373,373,1,1
1100,373,373,1,1
1101,373,373,1,1
1102,374,374,1,1
1103,374,374,1,1
1104,374,374,1,1
1105,375,375,1,1
1106,375,375,1,1
1107,375,375,1,1
1108,375,375,1,1
1109,375,375,1,1
1110,375,375,1,1
1111,376,376,1,1
1112,376,376,1,1
1113,377,377,1,1
1114,377,377,1,1
1115,377,377,1,1
1116,378,378,1,1
1117,378,378,1,1
1118,378,378,1,1
1119,379,379,1,1
1120,379,379,1,1
1121,380,380,1,1
1122,381,381,1,1
1123,381,381,1,1
1124,382,382,1,1
1125,382,382,1,1
1126,382,382,1,1
1127,382,382,1,1
1128,382,382,1,1
1129,382,382,1,1
1130,383,383,1,1
1131,383,383,1,1
1132,384,384,1,1
1133,384,384,1,1
1134,385,385,1,1
1135,385,385,1,1
1136,385,385,1,1
1137,385,385,1,1
1138,386,386,1,1
1139,388,388,1,1
1140,388,388,1,1
1141,388,388,1,1
1142,388,388,1,1
1143,388,388,1,1
1144,388,388,1,1
1145,389,389,1,1
1146,389,389,1,1
1147,389,389,1,1
1148,390,390,1,1
1149,390,390,1,1
1150,390,390,1,1
1151,391,391,1,1
1152,392,392,1,1
1153,392,392,1,1
1154,393,393,1,1
1155,393,393,1,1
1156,394,394,1,1
1157,394,394,1,1
1158,394,394,1,1
1159,394,394,1,1
1160,395,395,1,1
1161,396,396,1,1
1162,396,396,1,1
1163,397,397,1,1
1164,397,397,1,1
1165,397,397,1,1
1166,398,398,1,1
1167,398,398,1,1
1168,398,398,1,1
1169,398,398,1,1
1170,399,399,1,1
1171,399,399,1,1
1172,400,400,1,1
1173,400,400,1,1
1174,400,400,1,1
1175,401,401,1,1
1176,401,401,1,1
1177,402,402,1,1
1178,402,402,1,1
1179,403,403,1,1
1180,403,403,1,1
1181,404,404,1,1
1182,404,404,1,1
1183,405,405,1,1
1184,405,405,1,1
1185,405,405,1,1
1186,405,405,1,1
1187,406,406,1,1
1188,406,406,1,1
1189,407,407,1,1
1190,407,407,1,1
1191,407,407,1,1
1192,408,408,1,1
1193,408,408,1,1
1194,409,409,1,1
1195,409,409,1,1
1196,411,411,1,1
1197,411,411,1,1
1198,411,411,1,1
1199,411,411,1,1
1200,411,411,1,1
1201,412,412,1,1
1202,412,412,1,1
1203,412,412,1,1
1204,413,413,1,1
1205,413,413,1,1
1206,413,413,1,1
1207,414,414,1,1
1208,414,414,1,1
1209,414,414,1,1
1210,414,414,1,1
1211,415,415,1,1
1212,415,415,1,1
1213,416,416,1,1
1214,416,416,1,1
1215,416,416,1,1
1216,416,416,1,1
1217,416,416,1,1
1218,417,417,1,1
1219,418,418,1,1
1220,418,418,1,1
1221,419,419,1,1
1222,419,419,1,1
1223,420,420,1,1
1224,420,420,1,1
1225,420,420,1,1
1226,421,421,1,1
1227,421,421,1,1
1228,423,423,1,1
1229,423,423,1,1
1230,424,424,1,1
1231,424,424,1,1
1232,425,425,1,1
1233,425,425,1,1
1234,425,425,1,1
1235,425,425,1,1
1236,425,425,1,1
1237,425,425,1,1
1238,426,426,1,1
1239,426,426,1,1
1240,427,427,1,1
1241,428,428,1,1
1242,428,428,1,1
1243,429,429,1,1
1244,429,429,1,1
1245,430,430,1,1
1246,430,430,1,1
1247,430,430,1,1
1248,431,431,1,1
1249,431,431,1,1
1250,432,432,1,1
1251,432,432,1,1
1252,432,432,1,1
1253,432,432,1,1
1254,433,433,1,1
1255,433,433,1,1
1256,433,433,1,1
1257,433,433,1,1
1258,433,433,1,1
1259,434,434,1,1
1260,434,434,1,1
1261,435,435,1,1
1262,435,435,1,1
1263,435,435,1,1
1264,436,436,1,1
1265,438,438,1,1
1266,438,438,1,1
1267,438,438,1,1
1268,438,438,1,1
1269,438,438,1,1
1270,438,438,1,1
1271,439,439,1,1
1272,439,439,1,1
1273,439,439,1,1
1274,440,440,1,1
1275,440,440,1,1
1276,441,441,1,1
1277,441,441,1,1
1278,442,442,1,1
1279,442,442,1,1
1280,443,443,1,1
1281,443,443,1,1
1282,443,443,1,1
1283,444,444,1,1
1284,444,444,1,1
1285,444,444,1,1
1286,444,444,1,1
1287,445,445,1,1
1288,445,445,1,1
1289,445,445,1,1
1290,445,445,1,1
1291,445,445,1,1
1292,446,446,1,1
1293,446,446,1,1
1294,446,446,1,1
1295,447,447,1,1
1296,447,447,1,1
1297,448,448,1,1
1298,448,448,1,1
1299,449,449,1,1
1300,449,449,1,1
1301,449,449,1,1
1302,449,449,1,1
1303,449,449,1,1
1304,451,451,1,1
1305,451,451,1,1
1306,451,451,1,1
1307,452,452,1,1
1308,452,452,1,1
1309,452,452,1,1
1310,452,452,1,1
1311,452,452,1,1
1312,454,454,1,1
1313,454,454,1,1
1314,454,454,1,1
1315,455,455,1,1
1316,455,455,1,1
1317,455,455,1,1
1318,455,455,1,1
1319,456,456,1,1
1320,456,456,1,1
1321,457,457,1,1
1322,457,457,1,1
1323,458,458,1,1
1324,458,458,1,1
1325,458,458,1,1
1326,458,458,1,1
1327,458,458,1,1
1328,458,458,1,1
1329,459,459,1,1
1330,459,459,1,1
1331,459,459,1,1
1332,460,460,1,1
1333,460,460,1,1
1334,460,460,1,1
1335,460,460,1,1
1336,461,461,1,1
1337,462,462,1,1
1338,463,463,1,1
1339,463,463,1,1
1340,463,463,1,1
1341,464,464,1,1
1342,465,465,1,1
1343,465,465,1,1
1344,465,465,1,1
1345,466,466,1,1
1346,466,466,1,1
1347,466,466,1,1
1348,467,467,1,1
1349,467,467,1,1
1350,468,468,1,1
1351,469,469,1,1
1352,469,469,1,1
1353,469,469,1,1
1354,469,469,1,1
1355,469,469,1,1
1356,469,469,1,1
1357,469,469,1,1
1358,470,470,1,1
1359,470,470,1,1
1360,470,470,1,1
1361,470,470,1,1
1362,470,470,1,1
1363,470,470,1,1
1364,471,471,1,1
1365,471,471,1,1
1366,472,472,1,1
1367,472,472,1,1
1368,472,472,1,1
1369,473,473,1,1
1370,474,474,1,1
1371,474,474,1,1
1372,474,474,1,1
1373,474,474,1,1
1374,474,474,1,1
1375,474,474,1,1
1376,475,475,1,1
1377,475,475,1,1
1378,475,475,1,1
1379,475,475,1,1
1380,476,476,1,1
1381,476,476,1,1
1382,476,476,1,1
1383,476,476,1,1
1384,476,476,1,1
1385,476,476,1,1
1386,476,476,1,1
1387,476,476,1,1
1388,477,477,1,1
1389,477,477,1,1
1390,477,477,1,1
1391,478,478,1,1
1392,478,478,1,1
1393,478,478,1,1
1394,479,479,1,1
1395,479,479,1,1
1396,479,479,1,1
1397,480,480,1,1
1398,480,480,1,1
1399,480,480,1,1
1400,481,481,1,1
1401,481,481,1,1
1402,481,481,1,1
1403,482,482,1,1
1404,483,483,1,1
1405,484,484,1,1
1406,484,484,1,1
1407,484,484,1,1
1408,484,484,1,1
1409,485,485,1,1
1410,485,485,1,1
1411,485,485,1,1
1412,487,487,1,1
1413,487,487,1,1
1414,487,487,1,1
1415,487,487,1,1
1416,488,488,1,1
1417,489,489,1,1
1418,489,489,1,1
1419,490,490,1,1
1420,490,490,1,1
1421,491,491,1,1
1422,491,491,1,1
1423,491,491,1,1
1424,491,491,1,1
1425,491,491,1,1
1426,492,492,1,1
1427,492,492,1,1
1428,492,492,1,1
1429,493,493,1,1
1430,493,493,1,1
1431,494,494,1,1
1432,495,495,1,1
1433,495,495,1,1
1434,495,495,1,1
1435,496,496,1,1
1436,497,497,1,1
1437,497,497,1,1
1438,497,497,1,1
1439,498,498,1,1
1440,498,498,1,1
1441,499,499,1,1
1442,499,499,1,1
1443,499,499,1,1
1444,499,499,1,1
1445,500,500,1,1
1446,500,500,1,1
1447,500,500,1,1
